<?xml version="1.0" encoding="UTF-8"?>
<project-private xmlns="http://www.netbeans.org/ns/project-private/1">
    <editor-bookmarks xmlns="http://www.netbeans.org/ns/editor-bookmarks/2" lastBookmarkId="0"/>
    <open-files xmlns="http://www.netbeans.org/ns/projectui-open-files/2">
        <group>
            <file>file:/C:/Users/danie/OneDrive/Documentos/NetBeansProjects/RelojDigital/src/relojdigital/RelojDigital.java</file>
            <file>file:/C:/Users/danie/OneDrive/Documentos/NetBeansProjects/RelojDigital/src/relojdigital/Alarma.java</file>
            <file>file:/C:/Users/danie/OneDrive/Documentos/NetBeansProjects/RelojDigital/src/relojdigital/AlarmaPanel.java</file>
            <file>file:/C:/Users/danie/OneDrive/Documentos/NetBeansProjects/RelojDigital/src/relojdigital/AlarmaPropertyEditorSupport.java</file>
            <file>file:/C:/Users/danie/OneDrive/Documentos/NetBeansProjects/RelojDigital/src/relojdigital/AlarmaListener.java</file>
            <file>file:/C:/Users/danie/OneDrive/Documentos/NetBeansProjects/RelojDigital/src/relojdigital/RelojDigitalBeanInfo.java</file>
        </group>
    </open-files>
</project-private>
